<?xml version="1.0"?>
<doc>
    <assembly>
        <name>Syncfusion.OlapSampleUtils</name>
    </assembly>
    <members>
        <member name="T:SampleUtils.Source">
            <summary>
            Source constants.
            </summary>
        </member>
        <member name="F:SampleUtils.Source.SyncfusionServer">
            <summary>
            Online server
            </summary>
        </member>
        <member name="F:SampleUtils.Source.SyncfusionOfflineCube">
            <summary>
            Offline cube
            </summary>
        </member>
        <member name="F:SampleUtils.Source.CustomServer">
            <summary>
            Custom server
            </summary>
        </member>
        <member name="F:SampleUtils.Source.CustomOfflineCube">
            <summary>
            Custom Offline cube
            </summary>
        </member>
        <member name="T:SampleUtils.Platform">
            <summary>
            Platform constants.
            </summary>
        </member>
        <member name="F:SampleUtils.Platform.ASP">
            <summary>
            ASP.NET
            </summary>
        </member>
        <member name="F:SampleUtils.Platform.MVC">
            <summary>
            ASP.NET MVC
            </summary>
        </member>
        <member name="F:SampleUtils.Platform.SL">
            <summary>
            Silverlight
            </summary>
        </member>
        <member name="F:SampleUtils.Platform.WPF">
            <summary>
            WPF
            </summary>
        </member>
        <member name="F:SampleUtils.Platform.LS">
            <summary>
            LS
            </summary>
        </member>
        <member name="T:SampleUtils.SampleSource">
            <summary>
            Sample source.
            </summary>
        </member>
        <member name="M:SampleUtils.SampleSource.#ctor">
            <summary>
            Initializes the Sample source <see cref="T:SampleUtils.SampleSource"/> object.
            </summary>
        </member>
        <member name="P:SampleUtils.SampleSource.DatabaseName">
            <summary>
            Gets or sets the data base name.
            </summary>
        </member>
        <member name="P:SampleUtils.SampleSource.FilePath">
            <summary>
            Gets or sets the file path.
            </summary>
        </member>
        <member name="P:SampleUtils.SampleSource.ServerName">
            <summary>
            Gets or sets the server name.
            </summary>
        </member>
        <member name="P:SampleUtils.SampleSource.Source">
            <summary>
            Gets or sets <see cref="P:SampleUtils.SampleSource.Source"/> object.
            </summary>
        </member>
        <member name="T:SampleUtils.SampleSourceHelper">
            <summary>
            A Helper class for the Sample.
            </summary>
        </member>
        <member name="M:SampleUtils.SampleSourceHelper.#ctor(SampleUtils.SampleSource)">
            <summary>
                Initializes an object for <see cref="T:SampleUtils.SampleSourceHelper"/> class.
            </summary>
            <param name="source">
                An object of <see cref="P:SampleUtils.SampleSourceHelper.SampleSource"/>.
            </param>
        </member>
        <member name="M:SampleUtils.SampleSourceHelper.#ctor(SampleUtils.SampleSource,System.String)">
            <summary>
                Initializes an object for <see cref="T:SampleUtils.SampleSourceHelper"/> class.
            </summary>
            <param name="source">
                An object of <see cref="P:SampleUtils.SampleSourceHelper.SampleSource"/>.
            </param>
            <param name="samplePath">A string contains sample path.</param>
        </member>
        <member name="M:SampleUtils.SampleSourceHelper.#ctor(SampleUtils.SampleSource,System.String,SampleUtils.Platform)">
            <summary>
                Initializes an object for <see cref="T:SampleUtils.SampleSourceHelper"/> class.
            </summary>
            <param name="source">
                An object of <see cref="P:SampleUtils.SampleSourceHelper.SampleSource"/>.
            </param>
            <param name="samplePath">A string contains sample path.</param>
            <param name="platform">A platform whether its ASP or WPF or Silverlight or MVC.</param>
        </member>
        <member name="M:SampleUtils.SampleSourceHelper.GetSamplePath">
            <summary>
                Gets sample path.
            </summary>
            <returns>A string value contains sample installation path.</returns>
        </member>
        <member name="M:SampleUtils.SampleSourceHelper.GetInstalledVersionPath">
            <summary>
                Gets installed version path.
            </summary>
            <returns>A string contains the the installation path.</returns>
        </member>
        <member name="M:SampleUtils.SampleSourceHelper.GetAssemblyPath">
            <summary>
                Gets assembly path.
            </summary>
            <returns>A string contains the assembly path.</returns>
        </member>
        <member name="M:SampleUtils.SampleSourceHelper.GetBasicTemplatePath">
            <summary>
                Gets basic template path.
            </summary>
            <returns>A string contains the template path.</returns>
        </member>
        <member name="M:SampleUtils.SampleSourceHelper.GetPreCompiledAssemblyPath">
            <summary>
                Gets pre-compiled assembly location.
            </summary>
            <returns>A string contains the pre-compiled assembly location.</returns>
        </member>
        <member name="M:SampleUtils.SampleSourceHelper.GetOfflineCubePath">
            <summary>
                Gets offline cube path.
            </summary>
            <returns>A string contains the offline cube path.</returns>
        </member>
        <member name="M:SampleUtils.SampleSourceHelper.GetOfflineCubeLocation">
            <summary>
                Gets offline cube location.
            </summary>
            <returns>A string contains the offline cube location.</returns>
        </member>
        <member name="P:SampleUtils.SampleSourceHelper.ConnectionString">
            <summary>
                Gets the connection string.
            </summary>
        </member>
        <member name="P:SampleUtils.SampleSourceHelper.SilverlightConnectionString">
            <summary>
                Gets the connection string for Silverlight platform.
            </summary>
        </member>
        <member name="P:SampleUtils.SampleSourceHelper.LSConnectionString">
            <summary>
                Gets the connection string for LightSwitch platform.
            </summary>
        </member>
        <member name="P:SampleUtils.SampleSourceHelper.MVCConnectionString">
            <summary>
                Gets the connection string for MVC platform.
            </summary>
        </member>
        <member name="P:SampleUtils.SampleSourceHelper.SamplePath">
            <summary>
                Gets or sets the sample path.
            </summary>
        </member>
        <member name="P:SampleUtils.SampleSourceHelper.SampleSource">
            <summary>
                Gets or sets <see cref="P:SampleUtils.SampleSourceHelper.SampleSource"/> object.
            </summary>
        </member>
        <member name="P:SampleUtils.SampleSourceHelper.Platform">
            <summary>
                Gets or sets the platform.
            </summary>
        </member>
        <member name="T:SampleUtils.SampleWebPage">
            <summary>
                WebSample BaseWebPage
            </summary>
        </member>
        <member name="M:SampleUtils.SampleWebPage.GetConnectionString">
            <summary>
            Gets the connection string.
            </summary>
            <returns>A connection string.</returns>
            <exception cref="T:System.Exception">Throws an exception.</exception>
        </member>
        <member name="M:SampleUtils.SampleWebPage.ShowExceptionMessage(System.Exception)">
            <summary>
            Shows exception message.
            </summary>
            <param name="exceptionMessage">Exception message.</param>
            <exception cref="T:System.Exception">Throws the inner exception.</exception>
        </member>
        <member name="M:SampleUtils.SampleWebPage.ConnectionStringforTransactionView">
            <summary>
            Gets the connection string for Transational View demo sample.
            </summary>
            <returns>A connection string.</returns>
        </member>
        <member name="M:SampleUtils.SampleWebPage.OnInitComplete(System.EventArgs)">
            <summary>
            Raises the System.Web.UI.Page.InitComplete event after page initialization.
            </summary>
            <param name="e">Raises the System.Web.UI.Page.InitComplete event after page initialization.</param>
        </member>
        <member name="P:SampleUtils.SampleWebPage.DataManager">
            <summary>
            Gets or sets the Data Manager.
            </summary>
        </member>
        <member name="P:SampleUtils.SampleWebPage.SampleSource">
            <summary>
            Gets or sets the sample source object <see cref="P:SampleUtils.SampleWebPage.SampleSource"/>.
            </summary>
        </member>
        <member name="T:SampleUtils.SampleWindow">
            <summary>
                Sample window.
            </summary>
        </member>
        <member name="M:SampleUtils.SampleWindow.#ctor">
            <summary>
                Initializes the object <see cref="T:SampleUtils.SampleWindow"/>.
            </summary>
        </member>
        <member name="M:SampleUtils.SampleWindow.ShowWaitingDialog">
            <summary>
                Shows the waiting dialog.
            </summary>
        </member>
        <member name="M:SampleUtils.SampleWindow.CloseWaitingDialog">
            <summary>
                Closes the waiting dialog.
            </summary>
        </member>
        <member name="M:SampleUtils.SampleWindow.GetConnectionString">
            <summary>
                Gets the connection string.
            </summary>
            <returns>A connection string.</returns>
        </member>
        <member name="M:SampleUtils.SampleWindow.ConnectionStringforTransactionView">
            <summary>
                Gets the connection string for a transactional view demo sample.
            </summary>
            <returns>A connection string.</returns>
        </member>
        <member name="M:SampleUtils.SampleWindow.ShowExceptionMessage(System.Exception)">
            <summary>
                Shows the exception message.
            </summary>
            <param name="exceptionMessage">Exception object.</param>
        </member>
        <member name="M:SampleUtils.SampleWindow.OnPropertyChanged(System.Windows.DependencyPropertyChangedEventArgs)">
             <Summary>
             Invoked whenever the effective value of any dependency property on this System.Windows.FrameworkElement
             has been updated. The specific dependency property that changed is reported in
             the arguments parameter. Overrides System.Windows.DependencyObject.OnPropertyChanged(System.Windows.DependencyPropertyChangedEventArgs).
             </Summary>
            <param name="e">The event data that describes the property that changed, as well as old and new values.</param>    
        </member>
        <member name="P:SampleUtils.SampleWindow.WaitingDialog">
            <summary>
                Gets or sets the <see cref="P:SampleUtils.SampleWindow.WaitingDialog"/> object.
            </summary>
        </member>
        <member name="T:SampleUtils.WaitingDialog">
            <summary>
            Interaction logic for WaitingDialog.xaml
            </summary>
            <summary>
            WaitingDialog
            </summary>
        </member>
        <member name="M:SampleUtils.WaitingDialog.#ctor">
            <summary>
            Initializes a new instance of the <see cref="T:SampleUtils.WaitingDialog"/> class.
            </summary>
        </member>
        <member name="M:SampleUtils.WaitingDialog.CloseWindow">
            <summary>
            Closes the window.
            </summary>
        </member>
        <member name="M:SampleUtils.WaitingDialog.Display">
            <summary>
            Displays this instance.
            </summary>
        </member>
        <member name="M:SampleUtils.WaitingDialog.InitializeComponent">
            <summary>
            InitializeComponent
            </summary>
        </member>
    </members>
</doc>
