<?xml version="1.0"?>
<doc>
    <assembly>
        <name>Syncfusion.Scripting.Windows</name>
    </assembly>
    <members>
        <member name="M:Syncfusion.Runtime.InteropServices.NativeMethods.GetUserDefaultLCID">
            <summary>
            Interop call to get the LCID of the current culture.
            </summary>
        </member>
        <member name="M:Syncfusion.Runtime.InteropServices.NativeMethods.Util.GetPInvokeStringLength(System.String)">
            <summary>
            omputes the string size that should be passed to a typical Win32 call.
            his will be the character count under NT, and the ubyte count for Win95.
            </summary>
            <param EntryPoint="s">
            he string to get the size of.
            </param>
            <returns>
            he count of characters or bytes, depending on what the pinvoke
            all wants
            </returns>
        </member>
        <member name="T:Syncfusion.Scripting.Design.ErrorDescriptor">
            <summary>
            Represents item for error listBox
            </summary>
        </member>
        <member name="F:Syncfusion.Scripting.Design.ErrorDescriptor.m_line">
            <summary>
            Line number where occuring error
            </summary>
        </member>
        <member name="F:Syncfusion.Scripting.Design.ErrorDescriptor.m_col">
            <summary>
            Column where occuring error
            </summary>
        </member>
        <member name="F:Syncfusion.Scripting.Design.ErrorDescriptor.m_errMessage">
            <summary>
            The error message
            </summary>
        </member>
        <member name="M:Syncfusion.Scripting.Design.ErrorDescriptor.#ctor">
            <summary>
            Disabled default constructor.
            </summary>
        </member>
        <member name="M:Syncfusion.Scripting.Design.ErrorDescriptor.#ctor(System.String,System.Int32,System.Int32)">
            <summary>
            Initialized class properties.
            </summary>
            <param name="errMessage"></param>
            <param name="line"></param>
            <param name="pos"></param>
        </member>
        <member name="P:Syncfusion.Scripting.Design.ErrorDescriptor.Message">
            <summary>
            Error Message
            </summary>
        </member>
        <member name="P:Syncfusion.Scripting.Design.ErrorDescriptor.Line">
            <summary>
            Error line
            </summary>
        </member>
        <member name="P:Syncfusion.Scripting.Design.ErrorDescriptor.Column">
            <summary>
            Error colum number
            </summary>
        </member>
        <member name="F:Syncfusion.Scripting.Design.NodeDoubleClickEventArgs.m_name">
            <summary>
            The node name.
            </summary>
        </member>
        <member name="F:Syncfusion.Scripting.Design.NodeDoubleClickEventArgs.m_tag">
            <summary>
            The tag container which attached to node.
            </summary>
        </member>
        <member name="M:Syncfusion.Scripting.Design.NodeDoubleClickEventArgs.#ctor">
            <summary>
            Disabled default constructor
            </summary>
        </member>
        <member name="M:Syncfusion.Scripting.Design.NodeDoubleClickEventArgs.#ctor(System.String,Syncfusion.Scripting.Design.TagContainer)">
             <summary>
            
             </summary>
             <param name="name"></param>
             <param name="tag"></param>
        </member>
        <member name="P:Syncfusion.Scripting.Design.NodeDoubleClickEventArgs.NodeName">
            <summary>
            Gets node name.
            </summary>
        </member>
        <member name="P:Syncfusion.Scripting.Design.NodeDoubleClickEventArgs.TagContainer">
            <summary>
            Gets node tag container.
            </summary>
        </member>
        <member name="T:Syncfusion.Scripting.Design.NodeDoubleClickEventHandler">
             <summary>
            
             </summary>
        </member>
        <member name="T:Syncfusion.Scripting.Design.TreeNodeType">
            <summary>
            Indicated a node type which must be created.
            </summary>
        </member>
        <member name="F:Syncfusion.Scripting.Design.TreeNodeType.Object">
            <summary>
            For creating "object" type of tree node.
            </summary>
        </member>
        <member name="F:Syncfusion.Scripting.Design.TreeNodeType.Property">
            <summary>
            For creating "property" type of tree node.
            </summary>
        </member>
        <member name="F:Syncfusion.Scripting.Design.TreeNodeType.Item">
            <summary>
            For creating "item" type of tree node.
            </summary>
        </member>
        <member name="F:Syncfusion.Scripting.Design.TreeNodeType.Event">
            <summary>
            For creating "event" type of tree node.
            </summary>
        </member>
        <member name="F:Syncfusion.Scripting.Design.TreeNodeType.EventHandler">
            <summary>
            Already created event handler.
            </summary>
        </member>
        <member name="T:Syncfusion.Scripting.Design.ScriptEditControl">
            <summary>
            Script Engine control. Support writing multi-language script.
            </summary>
        </member>
        <member name="F:Syncfusion.Scripting.Design.ScriptEditControl.DEF_HEIGHT_MIN">
            <summary>
            Minimal height for hiding box.
            </summary>
        </member>
        <member name="F:Syncfusion.Scripting.Design.ScriptEditControl.DEF_WIDTH_MIN">
            <summary>
            Minimal width for hiding box.
            </summary>
        </member>
        <member name="F:Syncfusion.Scripting.Design.ScriptEditControl.DEF_HEIGHT_ERRORMESSWIND">
            <summary>
            Default height for expand ErrorMessage window.
            </summary>
        </member>
        <member name="M:Syncfusion.Scripting.Design.ScriptEditControl.#ctor">
            <summary>
            Default constructor
            </summary>
        </member>
        <member name="M:Syncfusion.Scripting.Design.ScriptEditControl.Dispose(System.Boolean)">
            <summary>
            Clean up any resources being used.
            </summary>
        </member>
        <member name="M:Syncfusion.Scripting.Design.ScriptEditControl.SaveCurrentScript">
            <summary>
            Saved current script from EditControl.
            </summary>
        </member>
        <member name="M:Syncfusion.Scripting.Design.ScriptEditControl.UpdateEdit">
            <summary>
            Copy script code to Edit control.
            </summary>
        </member>
        <member name="M:Syncfusion.Scripting.Design.ScriptEditControl.SetConfiguration(Syncfusion.Scripting.ScriptLanguages)">
            <summary>
            Loads the specified configuration settings to the Edit Control.
            </summary>
        </member>
        <member name="M:Syncfusion.Scripting.Design.ScriptEditControl.AddAssemblyReference(System.String)">
            <summary>
            Adds the assembly to the list of referenced assemblies.
            </summary>
            <param name="assembly">New assembly to reference.</param>
            <exception cref="T:System.ArgumentException">
            When assembly is null.
            </exception>	
        </member>
        <member name="M:Syncfusion.Scripting.Design.ScriptEditControl.InitializeScriptEditor(Syncfusion.Scripting.Script)">
            <summary>
            Loads the data from the script into the editor.
            </summary>
            <param name="script">Script to load into the editor</param>
        </member>
        <member name="M:Syncfusion.Scripting.Design.ScriptEditControl.UpdateScript(Syncfusion.Scripting.Script)">
            <summary>
            Updates the script object with the current values in the editor.
            </summary>
            <param name="script">Script to update</param>
        </member>
        <member name="E:Syncfusion.Scripting.Design.ScriptEditControl.ScriptChanged">
            <summary>
            Send when script is changed.
            </summary>
        </member>
        <member name="P:Syncfusion.Scripting.Design.ScriptEditControl.ScriptText">
            <summary>
            Gets or sets script source code.
            </summary>
        </member>
        <member name="P:Syncfusion.Scripting.Design.ScriptEditControl.EnableExternalCompile">
            <summary>
            Indicates if the ScriptingManager is being used for external compilation of the script.
            </summary>
        </member>
        <member name="T:Syncfusion.Scripting.Design.ScriptObjectBrowser">
            <summary>
            This control display property tree for browsable object
            and show properties by selected branch of tree
            </summary>
        </member>
        <member name="F:Syncfusion.Scripting.Design.ScriptObjectBrowser.DEF_HEIGHT_MIN">
            <summary>
            Minimal height for hiding box.
            </summary>
        </member>
        <member name="F:Syncfusion.Scripting.Design.ScriptObjectBrowser.DEF_NONE">
             <summary>
            
             </summary>
        </member>
        <member name="F:Syncfusion.Scripting.Design.ScriptObjectBrowser.selectedObject">
            <summary>
            The object which will be browsed in TreeView
            </summary>
        </member>
        <member name="F:Syncfusion.Scripting.Design.ScriptObjectBrowser.m_language">
            <summary>
            Language for create drag-and-drop string.
            </summary>
        </member>
        <member name="F:Syncfusion.Scripting.Design.ScriptObjectBrowser.m_dragDropX">
            <summary>
            The x coordinate of mouse cursor
            </summary>
        </member>
        <member name="F:Syncfusion.Scripting.Design.ScriptObjectBrowser.m_dragDropY">
            <summary>
            The y coordinate of mouse cursor
            </summary>
        </member>
        <member name="F:Syncfusion.Scripting.Design.ScriptObjectBrowser.m_isDragDropStart">
            <summary>
            Indicated that drag-and-drop process began.
            </summary>
        </member>
        <member name="F:Syncfusion.Scripting.Design.ScriptObjectBrowser.m_isDragDropEnd">
            <summary>
            Indicated that drag-and-drop process finished.
            </summary>
        </member>
        <member name="M:Syncfusion.Scripting.Design.ScriptObjectBrowser.Dispose(System.Boolean)">
            <summary>
            Clean up any resources being used.
            </summary>
        </member>
        <member name="M:Syncfusion.Scripting.Design.ScriptObjectBrowser.InitializeComponent">
            <summary>
            Required method for Designer support - do not modify
            the contents of this method with the code editor.
            </summary>
        </member>
        <!-- Badly formed XML comment ignored for member "M:Syncfusion.Scripting.Design.ScriptObjectBrowser.CreateTreeNode(System.String,Syncfusion.Scripting.Design.TreeNodeType,System.Object,System.String)" -->
        <member name="M:Syncfusion.Scripting.Design.ScriptObjectBrowser.DragNodeToString(System.Windows.Forms.TreeNode)">
            <summary>
            Gets string with "property path" for specified node
            </summary>
            <param name="node"></param>
            <returns></returns>
        </member>
        <member name="M:Syncfusion.Scripting.Design.ScriptObjectBrowser.OnNodeDoubleClick">
             <summary>
            
             </summary>
        </member>
        <member name="M:Syncfusion.Scripting.Design.ScriptObjectBrowser.treeMain_Click(System.Object,System.EventArgs)">
             <summary>
            
             </summary>
             <param name="sender"></param>
             <param name="e"></param>
        </member>
        <member name="M:Syncfusion.Scripting.Design.ScriptObjectBrowser.treeMain_DoubleClick(System.Object,System.EventArgs)">
             <summary>
            
             </summary>
             <param name="sender"></param>
             <param name="e"></param>
        </member>
        <member name="M:Syncfusion.Scripting.Design.ScriptObjectBrowser.menuItem1_Click(System.Object,System.EventArgs)">
             <summary>
            
             </summary>
             <param name="sender"></param>
             <param name="e"></param>
        </member>
        <member name="M:Syncfusion.Scripting.Design.ScriptObjectBrowser.treeMain_BeforeExpand(System.Object,System.Windows.Forms.TreeViewCancelEventArgs)">
             <summary>
            
             </summary>
             <param name="sender"></param>
             <param name="e"></param>
        </member>
        <member name="M:Syncfusion.Scripting.Design.ScriptObjectBrowser.BuildTreeNodeItem(System.Windows.Forms.TreeNode,System.Object)">
             <summary>
            
             </summary>
             <param name="node"></param>
             <param name="value"></param>
        </member>
        <member name="M:Syncfusion.Scripting.Design.ScriptObjectBrowser.BuildItemsCollection(System.Windows.Forms.TreeNode,System.Collections.ICollection)">
             <summary>
            
             </summary>
             <param name="node"></param>
             <param name="collection"></param>
        </member>
        <member name="M:Syncfusion.Scripting.Design.ScriptObjectBrowser.BuildPropertiesList(System.Windows.Forms.TreeNode,System.Reflection.PropertyInfo[],System.Object)">
             <summary>
            
             </summary>
             <param name="node"></param>
             <param name="properties"></param>
        </member>
        <member name="M:Syncfusion.Scripting.Design.ScriptObjectBrowser.BuildEventsList(System.Windows.Forms.TreeNode,System.Reflection.EventInfo[])">
             <summary>
            
             </summary>
             <param name="node"></param>
             <param name="events"></param>
        </member>
        <member name="M:Syncfusion.Scripting.Design.ScriptObjectBrowser.IsScriptBrowsable(System.Reflection.MemberInfo)">
             <summary>
            
             </summary>
             <param name="type"></param>
             <returns></returns>
        </member>
        <member name="M:Syncfusion.Scripting.Design.ScriptObjectBrowser.IsScriptBrowsable(System.Reflection.MemberInfo,Syncfusion.Scripting.ScriptBrowsableAttribute[]@)">
             <summary>
            
             </summary>
             <param name="type"></param>
             <param name="attr"></param>
             <returns></returns>
        </member>
        <member name="M:Syncfusion.Scripting.Design.ScriptObjectBrowser.IsBrowsableCollection(System.Reflection.MemberInfo)">
             <summary>
            
             </summary>
             <param name="type"></param>
             <returns></returns>
        </member>
        <member name="M:Syncfusion.Scripting.Design.ScriptObjectBrowser.treeMain_MouseDown(System.Object,System.Windows.Forms.MouseEventArgs)">
            <summary>
            Called when mouse button will be pressed. Mark a start of drag-and-drop process.
            </summary>
            <param name="sender"></param>
            <param name="e"></param>
        </member>
        <member name="M:Syncfusion.Scripting.Design.ScriptObjectBrowser.treeMain_MouseUp(System.Object,System.Windows.Forms.MouseEventArgs)">
            <summary>
            Called when mouse button will be released. Break the drag-and-drop process.
            </summary>
            <param name="sender"></param>
            <param name="e"></param>
        </member>
        <member name="M:Syncfusion.Scripting.Design.ScriptObjectBrowser.treeMain_MouseMove(System.Object,System.Windows.Forms.MouseEventArgs)">
            <summary>
            Called when mouse will be move. Run drag-and-drop process.
            </summary>
            <param name="sender"></param>
            <param name="e"></param>
        </member>
        <member name="P:Syncfusion.Scripting.Design.ScriptObjectBrowser.SelectedObject">
            <summary>
            Object used for browse in TreeView.
            Get or set.
            </summary>
        </member>
        <member name="P:Syncfusion.Scripting.Design.ScriptObjectBrowser.ScriptLanguage">
            <summary>
            Sets or gets script
            </summary>
        </member>
        <member name="P:Syncfusion.Scripting.Design.ScriptObjectBrowser.ScriptSite">
            <summary>
            
            </summary>
        </member>
        <member name="E:Syncfusion.Scripting.Design.ScriptObjectBrowser.NodeDoubleClick">
            <summary>
            Send when user is double click by tree node.
            </summary>
        </member>
        <member name="T:Syncfusion.Scripting.Design.ScriptWrapper">
            <summary>
            Summary description for ScriptWrapper.
            </summary>
        </member>
        <member name="F:Syncfusion.Scripting.Design.ScriptWrapper.DEF_CLASS_NAME">
            <summary>
            This construction must be replaced for real class name
            when class wraps user script.
            </summary>
        </member>
        <member name="F:Syncfusion.Scripting.Design.ScriptWrapper.DEF_OBJECT_NAME">
            <summary>
            This construction must be replaced for real object name
            when class wraps user script.
            </summary>
        </member>
        <member name="F:Syncfusion.Scripting.Design.ScriptWrapper.DEF_EVENT_NAME">
            <summary>
            This construction must be replaced for real event name
            when class wraps user script.
            </summary>
        </member>
        <member name="F:Syncfusion.Scripting.Design.ScriptWrapper.DEF_CS_CLASS_HEADER">
            <summary>
            Class header for CSharp.
            </summary>
        </member>
        <member name="F:Syncfusion.Scripting.Design.ScriptWrapper.DEF_CS_CLASS_FOOTER">
            <summary>
            Class footer for CSharp.
            </summary>
        </member>
        <member name="F:Syncfusion.Scripting.Design.ScriptWrapper.DEF_VB_CLASS_HEADER">
            <summary>
            Class header for Visual Basic Net.
            </summary>
        </member>
        <member name="F:Syncfusion.Scripting.Design.ScriptWrapper.DEF_VB_CLASS_FOOTER">
            <summary>
            Class footer for Visual Basic Net.
            </summary>
        </member>
        <member name="F:Syncfusion.Scripting.Design.ScriptWrapper.DEF_JS_CLASS_HEADER">
            <summary>
            Class header for Java Script Net.
            </summary>
        </member>
        <member name="F:Syncfusion.Scripting.Design.ScriptWrapper.DEF_JS_CLASS_FOOTER">
            <summary>
            Class footer for Java Script Net.
            </summary>
        </member>
        <member name="F:Syncfusion.Scripting.Design.ScriptWrapper.DEF_CS_USING">
            <summary>
            Using directive for CSharp.
            </summary>
        </member>
        <member name="F:Syncfusion.Scripting.Design.ScriptWrapper.DEF_VB_USING">
            <summary>
            Using directive for Visual Basic Net.
            </summary>
        </member>
        <member name="F:Syncfusion.Scripting.Design.ScriptWrapper.DEF_JS_USING">
            <summary>
            Using directive for Java Script Net.
            </summary>
        </member>
        <member name="F:Syncfusion.Scripting.Design.ScriptWrapper.DEF_CS_USINGDELIM">
            <summary>
            Delimeter between using directives in CSharp.
            </summary>
        </member>
        <member name="F:Syncfusion.Scripting.Design.ScriptWrapper.DEF_VB_USINGDELIM">
            <summary>
            Delimeter between using directives in Visual Basic Net.
            </summary>
        </member>
        <member name="F:Syncfusion.Scripting.Design.ScriptWrapper.DEF_JS_USINGDELIM">
            <summary>
            Delimeter between using directives in Java Script Net.
            </summary>
        </member>
        <member name="F:Syncfusion.Scripting.Design.ScriptWrapper.DEF_CS_INHERITSDELIM">
            <summary>
            Delimiter before inherited class.
            </summary>
        </member>
        <member name="F:Syncfusion.Scripting.Design.ScriptWrapper.DEF_VB_INHERITSDELIM">
            <summary>
            Delimiter before inherited class in Visual Basic Net.
            </summary>
        </member>
        <member name="F:Syncfusion.Scripting.Design.ScriptWrapper.DEF_JS_INHERITSDELIM">
            <summary>
            Delimiter before inherited class in Java Script Net.
            </summary>
        </member>
        <member name="F:Syncfusion.Scripting.Design.ScriptWrapper.DEF_GLOBAL_NAME">
            <summary>
            Name of the global class for accessing to global objects.
            </summary>
        </member>
        <member name="T:Syncfusion.Scripting.Design.ScriptEditForm">
            <summary>
            Summary description for ScriptEditForm.
            </summary>
        </member>
        <member name="T:Syncfusion.Scripting.Design.IScriptEditor">
            <summary>
            Interface to script editors.
            </summary>
            <remarks>
            <para>
            This interface is implemented by classes that edit script objects.
            </para>
            </remarks>
        </member>
        <member name="M:Syncfusion.Scripting.Design.IScriptEditor.UpdateEditor(Syncfusion.Scripting.Script)">
            <summary>
            Loads the data from the script into the editor.
            </summary>
            <param name="script">Script to load into the editor</param>
        </member>
        <member name="M:Syncfusion.Scripting.Design.IScriptEditor.UpdateScript(Syncfusion.Scripting.Script)">
            <summary>
            Updates the script object with the current values in the editor.
            </summary>
            <param name="script">Script to update</param>
        </member>
        <member name="P:Syncfusion.Scripting.Design.IScriptEditor.Form">
            <summary>
            The Form object that implements the user interface.
            </summary>
        </member>
        <member name="F:Syncfusion.Scripting.Design.ScriptEditForm.components">
            <summary>
            Required designer variable.
            </summary>
        </member>
        <member name="M:Syncfusion.Scripting.Design.ScriptEditForm.Dispose(System.Boolean)">
            <summary>
            Clean up any resources being used.
            </summary>
        </member>
        <member name="M:Syncfusion.Scripting.Design.ScriptEditForm.InitializeComponent">
            <summary>
            Required method for Designer support - do not modify
            the contents of this method with the code editor.
            </summary>
        </member>
        <member name="T:Syncfusion.Scripting.Design.ScriptUITypeEditor">
            <summary>
            Implements a UITypeEditor for editing Script objects.
            </summary>
            <remarks>
            <para>
            This class is the design-time editor for the Script property of
            the <see cref="!:Syncfusion.Scripting.Design.ScriptingManager"/>
            class.
            </para>
            </remarks>
        </member>
        <member name="M:Syncfusion.Scripting.Design.ScriptUITypeEditor.#ctor">
            <summary>
            Default constructor.
            </summary>
        </member>
        <member name="M:Syncfusion.Scripting.Design.ScriptUITypeEditor.GetEditStyle(System.ComponentModel.ITypeDescriptorContext)">
            <summary>
            Returns the editor style.
            </summary>
            <param name="context">Designer host context</param>
            <returns>Always returns UITypeEditorEditStyle.Modal as the editor style</returns>
        </member>
        <member name="M:Syncfusion.Scripting.Design.ScriptUITypeEditor.EditValue(System.ComponentModel.ITypeDescriptorContext,System.IServiceProvider,System.Object)">
            <summary>
            Called by the designer to edit a script.
            </summary>
            <param name="context"></param>
            <param name="provider"></param>
            <param name="value"></param>
            <returns>Returns the updated value of the Script</returns>
        </member>
        <member name="M:Syncfusion.Scripting.Design.ScriptUITypeEditor.GetPaintValueSupported(System.ComponentModel.ITypeDescriptorContext)">
            <summary>
            Determines if the editor manually draws the value in the property grid.
            </summary>
            <param name="context"></param>
            <returns>Always returns false</returns>
        </member>
        <member name="M:Syncfusion.Scripting.Design.ScriptUITypeEditor.PaintValue(System.Drawing.Design.PaintValueEventArgs)">
            <summary>
            Handles painting the value for the editor.
            </summary>
            <param name="e"></param>
            <remarks>
            <para>
            Does nothing except call the base class PaintValue method.
            </para>
            </remarks>
        </member>
    </members>
</doc>
